Region,Home Program
West South Central,38.88888888888889
East North Central,36.64921465968586
Mountain,36.58536585365854
South Atlantic,34.91379310344828
East South Central,33.87096774193548
New England,28.57142857142857
Middle Atlantic,27.536231884057973
West North Central,27.142857142857142
Pacific,26.16279069767442
